"ДТ","""ЭЛОТ"""
"ДТ","Айди Клининг"
"ДТ","АО ДЕЗ Гагаринского район"
"ДТ","Жилищник Академический"
"ДТ","Жилищник Аэропорт"
"ДТ","Жилищник Бабушкинский"
"ДТ","Жилищник Басманный"
"ДТ","Жилищник Богородское"
"ДТ","Жилищник Внуково"
"ДТ","Жилищник Восточный"
"ДТ","Жилищник Выхино Выхино-Жулебино"
"ДТ","Жилищник Гольяново"
"ДТ","Жилищник Даниловский"
"ДТ","Жилищник Донской"
"ДТ","Жилищник Дорогомилово"
"ДТ","Жилищник Жулебино Выхино-Жулебино"
"ДТ","Жилищник Замоскворечье"
"ДТ","Жилищник Западное Дегунино"
"ДТ","Жилищник Косино-Ухтомский"
"ДТ","Жилищник Красносельский"
"ДТ","Жилищник Крюково"
"ДТ","Жилищник Ломоносовский"
"ДТ","Жилищник Люблино"
"ДТ","Жилищник Марьина Роща"
"ДТ","Жилищник Матушкино"
"ДТ","Жилищник Митино"
"ДТ","Жилищник Москворечье Сабурово"
"ДТ","Жилищник Нагатино-Садовники"
"ДТ","Жилищник Нагорный"
"ДТ","Жилищник Новокосино"
"ДТ","Жилищник Останкинский"
"ДТ","Жилищник Печатники"
"ДТ","Жилищник Покровское-Стрешнево"
"ДТ","Жилищник Раменки"
"ДТ","Жилищник Ростокино"
"ДТ","Жилищник Савелки"
"ДТ","Жилищник Свиблово"
"ДТ","Жилищник Северное Медведково"
"ДТ","Жилищник Северный"
"ДТ","Жилищник Силино"
"ДТ","Жилищник Сокол"
"ДТ","Жилищник Старое Крюково"
"ДТ","Жилищник Строгино"
"ДТ","Жилищник Тверской"
"ДТ","Жилищник Текстильщики"
"ДТ","Жилищник Тропарево-Никулино"
"ДТ","Жилищник Филевский парк"
"ДТ","Жилищник Ховрино"
"ДТ","Жилищник Хорошево-Мневники"
"ДТ","Жилищник Щукино"
"ДТ","Жилищник Ясенево"
"ДТ","Закрытое Акционерное Общество ""Мастер ОК"""
"ДТ","ЗАО ""ВК КОМФОРТ"""
"ДТ","ЗАО ""РЭП-10"""
"ДТ","ЗАО ""Энерготраст"""
"ДТ","ЗАО ""ЮНИ"""
"ДТ","ИС Пресненский"
"ДТ","ИС Таганский"
"ДТ","ИС Тимирязевский"
"ДТ","ОАО ""Амарант"""
"ДТ","ОАО ""РЭУ-51 РАЙОНА СОКОЛЬНИКИ"""
"ДТ","ОАО ""ЦРВС СВАО"""
"ДТ","ОМЕГА ПРОЕКТ ООО"
"ДТ","ООО   ""УПХ-1"""
"ДТ","ООО  ""Жилищно-коммунальное управление ""Плюс"""
"ДТ","ООО "" Мегаполис XXI"""
"ДТ","ООО ""АВАРИЙНАЯ СЛУЖБА МР ""БЕГОВОЙ"""
"ДТ","ООО ""АВИЛОН-М"""
"ДТ","ООО ""Аврора"""
"ДТ","ООО ""Аккорд"""
"ДТ","ООО ""Аксиома"""
"ДТ","ООО ""Альфа"""
"ДТ","ООО ""Альянс"""
"ДТ","ООО ""АРСО"""
"ДТ","ООО ""АТЛАНТ"""
"ДТ","ООО ""АТОН-СТРОЙСЕРВИС"""
"ДТ","ООО ""БЕЛЫЙ КОТ"""
"ДТ","ООО ""Биомонтаж-1"""
"ДТ","ООО ""БЭСТ"""
"ДТ","ООО ""Вега"""
"ДТ","ООО ""ВЕК"""
"ДТ","ООО ""ВЕКТОР СТРОЙ СЕРВИС"""
"ДТ","ООО ""Вектор"""
"ДТ","ООО ""Викинг"""
"ДТ","ООО ""ВИТАСТРОЙ"""
"ДТ","ООО ""ВолгоградСервис"""
"ДТ","ООО ""ВОСХОД-РЕМСТРОЙ"""
"ДТ","ООО ""ГАЛС"""
"ДТ","ООО ""ГЕФЕСТ"""
"ДТ","ООО ""ГИПЕР-Б"""
"ДТ","ООО ""ГЛОБАЛ-А"""
"ДТ","ООО ""Горизонт"""
"ДТ","ООО ""ДВОРГРАД"""
"ДТ","ООО ""ДЕЛЬТАПРОМ"""
"ДТ","ООО ""Ди-макс 58"""
"ДТ","ООО ""ДМУ-7"""
"ДТ","ООО ""ДОБРЫЙ ДОМ"""
"ДТ","ООО ""ДОКА"""
"ДТ","ООО ""Дорбостсервис"""
"ДТ","ООО ""ДорСтрой"""
"ДТ","ООО ""ДОРСТРОЙ-1"""
"ДТ","ООО ""ДОРСТРОЙСИСТЕМ"""
"ДТ","ООО ""ЕВРОКОМ"""
"ДТ","ООО ""ЕВРОТЕКСТРОЙ"""
"ДТ","ООО ""ЖКХ"""
"ДТ","ООО ""ИКАР"""
"ДТ","ООО ""ИНВЕСТ"""
"ДТ","ООО ""ИНФООН"""
"ДТ","ООО ""КапРемСтрой"""
"ДТ","ООО ""КВАНТ-7"""
"ДТ","ООО ""КЛИНИНГ-СЕРВИС"""
"ДТ","ООО ""КОЛОР"""
"ДТ","ООО ""Коммунальный сервис"""
"ДТ","ООО ""КОМСЕРВИС"""
"ДТ","ООО ""Корсика"""
"ДТ","ООО ""КПС"""
"ДТ","ООО ""КУСБ ВОСТОК"""
"ДТ","ООО ""КУШЕР"""
"ДТ","ООО ""МАГИСТРАЛЬ"""
"ДТ","ООО ""МАКРОС"""
"ДТ","ООО ""МАКСИТРЕЙД"""
"ДТ","ООО ""МАСТЕР"""
"ДТ","ООО ""Матэк"""
"ДТ","ООО ""Меркурий"""
"ДТ","ООО ""МЕТАЛЛИСТ-ЦЕНТР"""
"ДТ","ООО ""Монолит"""
"ДТ","ООО ""МОСЖИЛСТРОЙ"""
"ДТ","ООО ""МФ-Строй XXI"""
"ДТ","ООО ""НЕОКОМ"""
"ДТ","ООО ""Нова-Ком"""
"ДТ","ООО ""НОВЫЕ РЕШЕНИЯ"""
"ДТ","ООО ""Оазис"""
"ДТ","ООО ""ОПТИМА инжиниринг"""
"ДТ","ООО ""ОТК"""
"ДТ","ООО ""Паритет"""
"ДТ","ООО ""ПИЛОТ"""
"ДТ","ООО ""Полисервис"""
"ДТ","ООО ""ПРЕСТИЖ"""
"ДТ","ООО ""ПРЕФЕРЕНС"""
"ДТ","ООО ""Примадом"""
"ДТ","ООО ""ПРИМАСЕРВИС"""
"ДТ","ООО ""ПРОГРЕСС"""
"ДТ","ООО ""Профжилсервис"""
"ДТ","ООО ""Профремонт"""
"ДТ","ООО ""РеалСервис"""
"ДТ","ООО ""Ремил"""
"ДТ","ООО ""РЕМСТРОЙ"""
"ДТ","ООО ""РЕМСТРОЙДОМ"""
"ДТ","ООО ""РЕСУРС"""
"ДТ","ООО ""РЭП ""ФРЕГАТ"""
"ДТ","ООО ""РЭП № 26"""
"ДТ","ООО ""РЭП №12"""
"ДТ","ООО ""РЭП"""
"ДТ","ООО ""РЭУ-сервис"""
"ДТ","ООО ""С.С.В.С."""
"ДТ","ООО ""САНЗИ"""
"ДТ","ООО ""САНРЭМ-М"""
"ДТ","ООО ""СанСервис"""
"ДТ","ООО ""СЕРВИС ПЛЮС"""
"ДТ","ООО ""СитиСтрой"""
"ДТ","ООО ""СК ""Статус"""
"ДТ","ООО ""СК Спектр"""
"ДТ","ООО ""СКС МИРУС"""
"ДТ","ООО ""Смарт"""
"ДТ","ООО ""СОРТ - ИНВЕСТ"""
"ДТ","ООО ""СОЮЗ-4"""
"ДТ","ООО ""СПЕЦМЕХКОЛОННА-ДОРРЕМСЕРВИС"""
"ДТ","ООО ""Спецремсервис"""
"ДТ","ООО ""С-ПРОЕКТ"""
"ДТ","ООО ""СС-М"""
"ДТ","ООО ""СТОЛИЧНЫЙ ПРОЕКТ"""
"ДТ","ООО ""СТРОЙ ПЛЮС"""
"ДТ","ООО ""СТРОЙ-ГРУПП"""
"ДТ","ООО ""СтройИнвестХолдинг"""
"ДТ","ООО ""СТРОЙКОНТИНЕНТ"""
"ДТ","ООО ""СТРОЙ-ЛЮКС"""
"ДТ","ООО ""СТРОЙМАРКЕТ"""
"ДТ","ООО ""СТРОЙМЕКС"""
"ДТ","ООО ""СтройПрактик-XXII век"""
"ДТ","ООО ""СТРОЙ-ПРЕМИУМ"""
"ДТ","ООО ""СТРОЙСЕРВИС"""
"ДТ","ООО ""СтройТрест"""
"ДТ","ООО ""ТД Термоусаживающиеся изоляционные материалы"""
"ДТ","ООО ""ТЕКСАН"""
"ДТ","ООО ""ТЕХНОКОМ"""
"ДТ","ООО ""ТехСтрой"""
"ДТ","ООО ""ТОН"""
"ДТ","ООО ""Транс Жилсервис"""
"ДТ","ООО ""УДАРНИК"""
"ДТ","ООО ""УК ""ЖИЛЦЕНТР"""
"ДТ","ООО ""УК ""Проспект"""
"ДТ","ООО ""УК ВЕРТИКАЛЬ СЕРВИС"""
"ДТ","ООО ""УК ДИРЕКЦИЯ ЭКСПЛУАТАЦИИ ЗДАНИЙ ""ЯРОСЛАВСКИЙ"""
"ДТ","ООО ""УК ЖилРемСтройГрупп"""
"ДТ","ООО ""УК РемКомСтрой"""
"ДТ","ООО ""УК СОЮЗЖИЛКОМ"""
"ДТ","ООО ""Универсал"""
"ДТ","ООО ""Управление МКД"""
"ДТ","ООО ""Управляющая компания Благовест"""
"ДТ","ООО ""УПРАВЛЯЮЩАЯ КОМПАНИЯ РЕМТЕХСТРОЙ"""
"ДТ","ООО ""УЮТ"""
"ДТ","ООО ""ФАВОРИТ БИЛДИНГ"""
"ДТ","ООО ""ФАВОРИТ"""
"ДТ","ООО ""ФЕБА"""
"ДТ","ООО ""ФИРМА ""СОЗВЕЗДИЕ"""
"ДТ","ООО ""ЦЕНТРСТРОЙ"""
"ДТ","ООО ""ЧИСТЫЙ МИР"""
"ДТ","ООО ""Экогарант-К"""
"ДТ","ООО ""ЭкоСтрой"""
"ДТ","ООО ""ЭкоСтройРесурс"""
"ДТ","ООО ""Эксперт"""
"ДТ","ООО ""Экспертзеленстрой"""
"ДТ","ООО ""ЭлитРемСтрой"""
"ДТ","ООО ""Эстейт сервис"""
"ДТ","ООО «Гранд Сервис»"
"ДТ","ООО «НьюСтрой»"
"ДТ","ООО ЖЭК ""ДОМ"""
"ДТ","ООО 'КомСтройСервис'"
"ДТ","ООО УК ""ДЭЗ Отрадное"""
"ДТ","ООО УК ""ПЕРСПЕКТИВА"""
"ДТ","ООО Управляющая компания ""ЛАДЬЯ-М"""
"ДТ","ООО""АЛЬФАСЕРВИС"""
"ДТ","ООО""Стройпроцентр"""
"ДТ","ООО""Управляющая Компания-10 Пресненского района"""
"ДТ","ТСЖ ""СИНЯЯ ПТИЦА"""
"ОДХ","АвД"
"ОДХ","АвД ВАО"
"ОДХ","АвД ЗАО"
"ОДХ","АвД ЗелАО"
"ОДХ","АвД САО"
"ОДХ","АвД СВАО"
"ОДХ","АвД СЗАО"
"ОДХ","АвД ЦАО"
"ОДХ","АвД ЮАО"
"ОДХ","АвД ЮВАО"
"ОДХ","АвД ЮЗАО"
"ОДХ","Жилищник Академический"
"ОДХ","Жилищник Алексеевский"
"ОДХ","Жилищник Алтуфьевский"
"ОДХ","Жилищник Аэропорт"
"ОДХ","Жилищник Бабушкинский"
"ОДХ","Жилищник Богородское"
"ОДХ","Жилищник Внуково"
"ОДХ","Жилищник Восточный"
"ОДХ","Жилищник Выхино Выхино-Жулебино"
"ОДХ","Жилищник Гольяново"
"ОДХ","Жилищник Даниловский"
"ОДХ","Жилищник Донской"
"ОДХ","Жилищник Дорогомилово"
"ОДХ","Жилищник Жулебино Выхино-Жулебино"
"ОДХ","Жилищник Западное Дегунино"
"ОДХ","Жилищник Косино-Ухтомский"
"ОДХ","Жилищник Красносельский"
"ОДХ","Жилищник Ломоносовский"
"ОДХ","Жилищник Лосиноостровский"
"ОДХ","Жилищник Люблино"
"ОДХ","Жилищник Марьина Роща"
"ОДХ","Жилищник Москворечье Сабурово"
"ОДХ","Жилищник Нагатино-Садовники"
"ОДХ","Жилищник Нагорный"
"ОДХ","Жилищник Новокосино"
"ОДХ","Жилищник Останкинский"
"ОДХ","Жилищник Печатники"
"ОДХ","Жилищник Покровское-Стрешнево"
"ОДХ","Жилищник Раменки"
"ОДХ","Жилищник Ростокино"
"ОДХ","Жилищник Свиблово"
"ОДХ","Жилищник Северное Медведково"
"ОДХ","Жилищник Северный"
"ОДХ","Жилищник Сокол"
"ОДХ","Жилищник Строгино"
"ОДХ","Жилищник Текстильщики"
"ОДХ","Жилищник Тропарево-Никулино"
"ОДХ","Жилищник Филевский парк"
"ОДХ","Жилищник Хамовники"
"ОДХ","Жилищник Ховрино"
"ОДХ","Жилищник Хорошево-Мневники"
"ОДХ","Жилищник Щукино"
"ОДХ","Жилищник Южное Тушино"
"ОДХ","Жилищник Ярославский"
"ОДХ","Жилищник Ясенево"
"ОДХ","ЗАО ""ДОМНА"""
"ОДХ","ЗАО ""Инженерный центр-К"""
"ОДХ","ЗАО ""ЭД-Сервис"""
"ОДХ","ЗАО «Арманс»"
"ОДХ","МБУ ""СЕЗ ""Мосрентген"""
"ОДХ","МБУ «Городское благоустройство»"
"ОДХ","МБУ «ДХБ»"
"ОДХ","МБУ поселения Щаповское «КБСиЖКХ»"
"ОДХ","ОАО «ДРСУ»"
"ОДХ","ООО ""Армада-Строй"""
"ОДХ","ООО ""БАУ-ШТРАССЕ"""
"ОДХ","ООО ""ГЭС"""
"ОДХ","ООО ""Дорбостсервис"""
"ОДХ","ООО ""Импульс"""
"ОДХ","ООО ""ЛИГА"""
"ОДХ","ООО ""МАБ-ЕвроСтрой"""
"ОДХ","ООО ""ПрофСтрой"""
"ОДХ","ООО ""РАПО"""
"ОДХ","ООО ""Ремонтно-строительное дорожное управление"""
"ОДХ","ООО ""Роговское"
"ОДХ","ООО ""СолДи"""
"ОДХ","ООО ""СтройСпецСила"""
"ОДХ","ООО ""ТИТАН"""
"ОДХ","ООО ""Фортис-Инжиниринг"""
"ОДХ","ООО « Дангроуп»"
"ОДХ","ООО «АвтоДорСтрой»"
"ОДХ","ООО «АГАТ-АВТО»"
"ОДХ","ООО «АДО»"
"ОДХ","ООО «Дорсервис»"
"ОДХ","ООО «Инжкапстройсервис»"
"ОДХ","ООО «КВАНТ ОПТИКА»"
"ОДХ","ООО «МАКРОКОСМОС»"
"ОДХ","ООО «Нохоре»"
"ОДХ","ООО «Радор М»"
"ОДХ","ООО «СВ-ДОР»"
"ОДХ","ООО «СПЕЦКОМСЕРВИС»"
"ОДХ","ООО «Управляющая Компания Пахра»"
"ОДХ","ООО «ЦентрТехЭксперт»"
"ОДХ","ООО «ЭКОРЕМСТРОЙ»"
"ОДХ","ООО ДЭО ""Вектор"""
"ОДХ","ООО""ДАН-СТРОЙ_МСК"""
